country_entity,Long,Lat,events in last 12 months (ucdp),last month,last year,peace process,iso3c,Last Data Refresh
Afghanistan,66.02471,33.83114,90,"• UCDP have recorded 1 events and 3 fatalities 
 • ACLED have recorded 17 events and 10 fatalities   
 • Estimated People in Need: 29200000 
 • Estimated Children in Need: 15800000   
 • Current estimate of people in Food Crisis/Emergency (IPC Phase 3+): 19650163","• UCDP have recorded 90 events and 145 fatalities 
 • ACLED have recorded 745 events and 684 fatalities 
 • ACLED have recorded 31 sexual violence events 
 • New displacements by conflict and violence per year (IDMC): 32000 
 • INFORM Humanitarian Crisis Index: Complex crisis in Afghanistan: Very High [4.4 out of 5], Earthquake in Herat Province: Medium [2.7 out of 5], Earthquake in Khost and Paktika: Medium [3 out of 5], Conflict in Afghanistan: Very High [4.1 out of 5], Drought in Afghanistan: High [3.9 out of 5], Floods in Afghanistan: Medium [2.2 out of 5] 
 • OECD 2022 categorisation: Extremely fragile 
 • Ranked 163 out of 163 countries in the Global Peace Index [ ↑ 163 from last year], and ranked 174 out of 181 countries in the Corruption Perception Index [ ↑ 190 from last year]","• Most recent agreement [ Framework-substantive, partial ] : <a href=""https://www.peaceagreements.org/view/2272"", target=""_blank"">Joint Declaration between the Islamic Republic of Afghanistan and the United States of America
for Bringing Peace to Afghanistan (2020-02-29)</a> as part of the Afghanistan: 2000s Post-intervention process 
 • Total of 25 Peace Agreements signed since Peshawar Accord (24/04/1992) 
 
 Explore PA-X Tracker: <a href=""https://pax.peaceagreements.org/tracker/afghanistan"", target=""_blank"">Afghanistan</a>",AFG,2023-11-29 09:39:43
Algeria,2.679966,28.14411,3,"• UCDP have recorded 0 events and 0 fatalities 
 • ACLED have recorded 4 events and 0 fatalities          ","• UCDP have recorded 3 events and 4 fatalities 
 • ACLED have recorded 106 events and 17 fatalities     
 • INFORM Humanitarian Crisis Index: Mixed migration flows in Algeria: Medium [2.5 out of 5], Sahrawi refugees in Algeria: Medium [2.1 out of 5], Multiple crises in Algeria: Medium [2.6 out of 5] 
 • OECD 2022 categorisation: Rest of the world 
 • Ranked 109 out of 163 countries in the Global Peace Index [ ↑ 119 from last year], and ranked 149 out of 181 countries in the Corruption Perception Index [ ↑ 150 from last year]","• Most recent agreement [ Framework-substantive, partial ] : <a href=""https://www.peaceagreements.org/view/1595"", target=""_blank"">Project de charte pour la paix et la réconciliation nationale (2005-08-14)</a> as part of the Algeria: Bouteflika Process 
 • Total of 6 Peace Agreements signed since Plate-forme portant consensus national sur la période transitoire (26/01/1994) 
 
 Explore PA-X Tracker: <a href=""https://pax.peaceagreements.org/tracker/all/"", target=""_blank"">All</a>",DZA,2023-11-29 09:39:43
Angola,17.54534,-12.2937,3,"• UCDP have recorded 0 events and 0 fatalities 
 • ACLED have recorded 2 events and 0 fatalities          ","• UCDP have recorded 3 events and 2 fatalities 
 • ACLED have recorded 67 events and 58 fatalities 
 • ACLED have recorded 17 sexual violence events   
 • INFORM Humanitarian Crisis Index: Drought in South-West Angola: High [3.1 out of 5] 
 • OECD 2022 categorisation: Other fragile 
 • Ranked 78 out of 163 countries in the Global Peace Index [ ↑ 92 from last year], and ranked 149 out of 181 countries in the Corruption Perception Index [ ↑ 165 from last year]","• Most recent agreement [ Implementation ] : <a href=""https://www.peaceagreements.org/view/789"", target=""_blank"">Peace, Security and Cooperation Framework for the Democratic Republic of the Congo and the region
 (2013-02-24)</a> as part of the African Great Lakes: Regional Process 
 • Total of 17 Peace Agreements signed since The Protocol of Estoril (Bicesse Accords) (31/05/1991) 
 
 Explore PA-X Tracker: <a href=""https://pax.peaceagreements.org/tracker/all/"", target=""_blank"">All</a>",AGO,2023-11-29 09:39:43
Armenia,44.94022,40.29308,7,"• UCDP have recorded 0 events and 0 fatalities 
 • ACLED have recorded 1 events and 0 fatalities          ","• UCDP have recorded 7 events and 11 fatalities 
 • ACLED have recorded 133 events and 13 fatalities     
 • INFORM Humanitarian Crisis Index: Nagorno-Karabakh Conflict in Armenia: Medium [2.1 out of 5] 
 • OECD 2022 categorisation: Rest of the world 
 • Ranked 83 out of 163 countries in the Global Peace Index [ ↑ 86 from last year], and ranked 109 out of 181 countries in the Corruption Perception Index [ ↓ 107 from last year]","• Most recent agreement [ Implementation ] : <a href=""https://www.peaceagreements.org/view/2454"", target=""_blank"">Trilateral Statement of the leaders of Azerbaijan, Russian
Federation and Armenia (2022-10-31)</a> as part of the Armenia-Azerbaijan-Nagorno Karabakh: OSCE Minsk Process 
 • Total of 31 Peace Agreements signed since Zheleznovodsk Declaration (23/09/1991) 
 
 Explore PA-X Tracker: <a href=""https://pax.peaceagreements.org/tracker/all/"", target=""_blank"">All</a>",ARM,2023-11-29 09:39:43
Azerbaijan,47.52871,40.29016,10,"• UCDP have recorded 0 events and 0 fatalities 
 • ACLED have recorded 1 events and 0 fatalities          ","• UCDP have recorded 10 events and 437 fatalities 
 • ACLED have recorded 316 events and 11 fatalities     
 • INFORM Humanitarian Crisis Index: Nagorno-Karabakh conflict in Azerbaijan: Medium [2.1 out of 5] 
 • OECD 2022 categorisation: Rest of the world 
 • Ranked 128 out of 163 countries in the Global Peace Index [ ↓ 120 from last year], and ranked 180 out of 181 countries in the Corruption Perception Index [ ↓ 158 from last year]","• Most recent agreement [ Implementation ] : <a href=""https://www.peaceagreements.org/view/2454"", target=""_blank"">Trilateral Statement of the leaders of Azerbaijan, Russian
Federation and Armenia (2022-10-31)</a> as part of the Armenia-Azerbaijan-Nagorno Karabakh: OSCE Minsk Process 
 • Total of 31 Peace Agreements signed since Zheleznovodsk Declaration (23/09/1991) 
 
 Explore PA-X Tracker: <a href=""https://pax.peaceagreements.org/tracker/all/"", target=""_blank"">All</a>",AZE,2023-11-29 09:39:43
Bangladesh,90.28845,23.80467,23,"• UCDP have recorded 1 events and 2 fatalities 
 • ACLED have recorded 119 events and 2 fatalities          ","• UCDP have recorded 23 events and 33 fatalities 
 • ACLED have recorded 913 events and 147 fatalities 
 • ACLED have recorded 22 sexual violence events   
 • INFORM Humanitarian Crisis Index: Rohingya refugee crisis: High [3.3 out of 5], Floods and Monsoon Rain in Chattogram Division: Medium [2.8 out of 5], Complex crisis in Bangladesh: Very High [4.1 out of 5], Multiple Crises in Bangladesh: High [3.3 out of 5], Mutliple crises in Bangladesh: High [3.4 out of 5], Cyclone Amphan Bangladesh: Medium [2.6 out of 5], Floods in Bangladesh: Medium [2.4 out of 5], 2022 Floods in Bangladesh: Medium [3 out of 5] 
 • OECD 2022 categorisation: Other fragile 
 • Ranked 96 out of 163 countries in the Global Peace Index [ ↑ 102 from last year], and ranked 172 out of 181 countries in the Corruption Perception Index [ ↑ 173 from last year]","• Most recent agreement [ Framework-substantive, comprehensive ] : <a href=""https://www.peaceagreements.org/view/238"", target=""_blank"">Agreement between the National Committee on Chittagong Hill Tracts Constituted by the Government and The Parbattya Chattagram Janasanghati Samity (1997-12-02)</a> as part of the Bangladesh-Chittagong Hills Tracts: peace process 
 • Total of 1 Peace Agreements signed since Agreement between the National Committee on Chittagong Hill Tracts Constituted by the Government and The Parbattya Chattagram Janasanghati Samity (02/12/1997) 
 
 Explore PA-X Tracker: <a href=""https://pax.peaceagreements.org/tracker/all/"", target=""_blank"">All</a>",BGD,2023-11-29 09:39:43
Bosnia and Herzegovina,17.78525,44.16825,1,"• UCDP have recorded 1 events and 1 fatalities 
 • ACLED have recorded 3 events and 0 fatalities          ","• UCDP have recorded 1 events and 1 fatalities 
 • ACLED have recorded 55 events and 0 fatalities     
 • INFORM Humanitarian Crisis Index: Mixed migration flows in Bosnia and Herzegovina: Very Low [0.8 out of 5] 
 • OECD 2022 categorisation: Rest of the world 
 • Ranked 58 out of 163 countries in the Global Peace Index [ ↓ 57 from last year], and ranked 144 out of 181 countries in the Corruption Perception Index [ ↑ 145 from last year]","• Most recent agreement [ Implementation ] : <a href=""https://www.peaceagreements.org/view/2447"", target=""_blank"">Political agreement on principles for ensuring a functional Bosnia and Herzegovina that advances on the European path (2022-06-12)</a> as part of the Bosnia peace process 
 • Total of 134 Peace Agreements signed since Statement of Principles for New Constitutional Arrangements for Bosnia and Herzegovina (Carrington-Cutiliero Plan of March 1992) (18/03/1992) 
 
 Explore PA-X Tracker: <a href=""https://pax.peaceagreements.org/tracker/bosnia-and-herzegovina"", target=""_blank"">Bosnia and Herzegovina</a>",BIH,2023-11-29 09:39:43
Burundi,29.92644,-3.3223,31,"• UCDP have recorded 0 events and 0 fatalities 
 • ACLED have recorded 5 events and 1 fatalities   
 • Estimated People in Need: 2700000 
 • Estimated Children in Need: 946000 
 • Esimated Internally Displaced Persons (IDPs): 73931  ","• UCDP have recorded 31 events and 100 fatalities 
 • ACLED have recorded 182 events and 121 fatalities 
 • ACLED have recorded 165 sexual violence events   
 • INFORM Humanitarian Crisis Index: Complex in Burundi: High [3.3 out of 5], Political and economic crisis in Burundi: High [3.5 out of 5], Flooding in Burundi: Low [1.7 out of 5] 
 • OECD 2022 categorisation: Extremely fragile 
 • Ranked 131 out of 163 countries in the Global Peace Index [ ↓ 126 from last year], and ranked 188 out of 181 countries in the Corruption Perception Index [ ↓ 188 from last year]","• Most recent agreement [ Framework-substantive, partial ] : <a href=""https://www.peaceagreements.org/view/2410"", target=""_blank"">Final statement on the Memorandum of Understanding on strengthening and maintaining peace and security along the common border between the Republic of Burundi and the Democratic Republic of the Congo (2020-10-05)</a> as part of the DRC: Eastern DRC processes 
 • Total of 30 Peace Agreements signed since Déclaration des partis politiques agrées et du gouvernement contre les fauteurs de guerre et en faveur de la paix et de la sécurité (06/07/1994) 
 
 Explore PA-X Tracker: <a href=""https://pax.peaceagreements.org/tracker/all/"", target=""_blank"">All</a>",BDI,2023-11-29 09:39:43
Cameroon,12.73861,5.673797,170,"• UCDP have recorded 0 events and 0 fatalities 
 • ACLED have recorded 14 events and 35 fatalities   
 • Estimated People in Need: 4700000 
 • Estimated Children in Need: 2500000 
 • Esimated Internally Displaced Persons (IDPs): 1066254 
 • Current estimate of people in Food Crisis/Emergency (IPC Phase 3+): 2430111","• UCDP have recorded 170 events and 361 fatalities 
 • ACLED have recorded 652 events and 494 fatalities 
 • ACLED have recorded 32 sexual violence events 
 • New displacements by conflict and violence per year (IDMC): 139000 
 • INFORM Humanitarian Crisis Index: Multiple crises in Cameroon: Very High [4.1 out of 5], Lake Chad basin crisis in Cameroon: High [3.6 out of 5], Anglophone Crisis in Cameroon: High [3.5 out of 5], CAR refugees in Cameroon: Medium [2.8 out of 5] 
 • OECD 2022 categorisation: Other fragile 
 • Ranked 142 out of 163 countries in the Global Peace Index [ ↑ 146 from last year], and ranked 168 out of 181 countries in the Corruption Perception Index [ ↑ 171 from last year]","• Most recent agreement [ Implementation ] : <a href=""https://www.peaceagreements.org/view/240"", target=""_blank"">Agreement between the Republic of Cameroon and the Federal Republic of Nigeria concerning the Modalities of Withdrawal and Transfer of Authority in the Bakassi Peninsula (2006-06-12)</a> as part of the Cameroon-Nigeria border peace process 
 • Total of 2 Peace Agreements signed since Joint Communiqué Establishing the Cameroon-Nigeria Mixed Commission (CNMC) (15/11/2002) 
 
 Explore PA-X Tracker: <a href=""https://pax.peaceagreements.org/tracker/all/"", target=""_blank"">All</a>",CMR,2023-11-29 09:39:43
Central African Republic,20.48548,6.574163,46,"• UCDP have recorded 0 events and 0 fatalities 
 • ACLED have recorded 5 events and 1 fatalities   
 • Estimated People in Need: 3400000 
 • Estimated Children in Need: 1400000 
 • Esimated Internally Displaced Persons (IDPs): 485825 
 • Current estimate of people in Food Crisis/Emergency (IPC Phase 3+): 2019858","• UCDP have recorded 46 events and 223 fatalities 
 • ACLED have recorded 233 events and 310 fatalities 
 • ACLED have recorded 160 sexual violence events   
 • INFORM Humanitarian Crisis Index: Complex crisis in CAR: Very High [4.2 out of 5], Floods in CAR: Medium [2.3 out of 5] 
 • OECD 2022 categorisation: Extremely fragile 
 • Ranked 155 out of 163 countries in the Global Peace Index [ ↓ 154 from last year], and ranked 174 out of 181 countries in the Corruption Perception Index [ ↑ 178 from last year]","• Most recent agreement [ Renewal ] : <a href=""https://www.peaceagreements.org/view/2470"", target=""_blank"">Vers le Dialogue Républicain pour la paix et l’avenir de la RCA
Déclaration de Rome  (2021-09-29)</a> as part of the CAR: Local Processes 
 • Total of 68 Peace Agreements signed since Preliminary Agreement on National Reconciliation Pact (18/01/1997) 
 
 Explore PA-X Tracker: <a href=""https://pax.peaceagreements.org/tracker/all/"", target=""_blank"">All</a>",CAF,2023-11-29 09:39:43
Chad,18.67417,15.37626,5,"• UCDP have recorded 0 events and 0 fatalities 
 • ACLED have recorded 2 events and 0 fatalities   
 • Estimated People in Need: 7600000 
 • Estimated Children in Need: 3000000 
 • Esimated Internally Displaced Persons (IDPs): 215928 
 • Current estimate of people in Food Crisis/Emergency (IPC Phase 3+): 1737246","• UCDP have recorded 5 events and 95 fatalities 
 • ACLED have recorded 68 events and 134 fatalities 
 • ACLED have recorded 11 sexual violence events 
 • New displacements by conflict and violence per year (IDMC): 80000 
 • INFORM Humanitarian Crisis Index: Complex crisis in Chad: Very High [4.3 out of 5], Lake Chad basin crisis: High [3.6 out of 5], CAR refugees in Chad: High [3.5 out of 5], Darfur refugees in Chad: High [3.7 out of 5], Tibesti Conflict in Chad: Medium [2.5 out of 5], Drought in Chad: Medium [3 out of 5], Floods in Chad: Medium [2.6 out of 5] 
 • OECD 2022 categorisation: Extremely fragile 
 • Ranked 136 out of 163 countries in the Global Peace Index [ ↑ 137 from last year], and ranked 186 out of 181 countries in the Corruption Perception Index [ ↓ 184 from last year]","• Most recent agreement [ Framework-substantive, partial ] : <a href=""https://www.peaceagreements.org/view/2449"", target=""_blank"">Doha Agreement for Peace and Involvement of Political-Military Movements in the Sovereign and Inclusive National Dialogue in Chad (2022-08-08)</a> as part of the Chad: Doha process 
 • Total of 15 Peace Agreements signed since Agreement between the Great Socialist People's Libyan Arab Jamahariya and the Rep of Chad concerning the practical modalitities for the implementation of the Judgment delivered by the International Court of Justice on 3 February 1994 (04/04/1994) 
 
 Explore PA-X Tracker: <a href=""https://pax.peaceagreements.org/tracker/all/"", target=""_blank"">All</a>",TCD,2023-11-29 09:39:43
Colombia,-73.0758,3.901116,123,"• UCDP have recorded 2 events and 2 fatalities 
 • ACLED have recorded 84 events and 36 fatalities   
 • Estimated People in Need: 7700000 
 • Estimated Children in Need: 2400000    ","• UCDP have recorded 123 events and 213 fatalities 
 • ACLED have recorded 1881 events and 857 fatalities 
 • ACLED have recorded 40 sexual violence events 
 • New displacements by conflict and violence per year (IDMC): 339000 
 • INFORM Humanitarian Crisis Index: Complex crisis in Colombia: High [3.9 out of 5], Venezuela displacement in Colombia: High [3.7 out of 5], Hurricane Eta and Iota in Colombia: Medium [2.1 out of 5] 
 • OECD 2022 categorisation: Rest of the world 
 • Ranked 144 out of 163 countries in the Global Peace Index [ ↑ 146 from last year], and ranked 130 out of 181 countries in the Corruption Perception Index [ ↓ 126 from last year]","• Most recent agreement [ Pre-negotiation ] : <a href=""https://www.peaceagreements.org/view/2045"", target=""_blank"">Joint Announcement by the National Government and the National Liberation Army (ELN) (2017-10-24)</a> as part of the Colombia VI - Government-ELN post-2015 process 
 • Total of 129 Peace Agreements signed since Political Agreement between the National Government, the Political Parties, M-19 and the Catholic Church as Moral and Spiritual Guardian of the Process

Spanish: Acuerdo Político entre el Gobierno Nacional, los Partidos Políticos, el M-19, y la Iglesia Católica en Calidad de Tutora Moral y Espiritual del Proceso (09/03/1990) 
 
 Explore PA-X Tracker: <a href=""https://pax.peaceagreements.org/tracker/colombia"", target=""_blank"">Colombia</a>",COL,2023-11-29 09:39:43
Cote d'Ivoire,-5.55473,7.629183,1,"• UCDP have recorded 0 events and 0 fatalities 
 • ACLED have recorded 3 events and 0 fatalities          ","• UCDP have recorded 1 events and 1 fatalities 
 • ACLED have recorded 56 events and 16 fatalities       
 • OECD 2022 categorisation: Other fragile 
 • Ranked 108 out of 163 countries in the Global Peace Index [ ↓ 108 from last year], and ranked 136 out of 181 countries in the Corruption Perception Index [ ↑ 141 from last year]","• Most recent agreement [ Implementation ] : <a href=""https://www.peaceagreements.org/view/720"", target=""_blank"">Fourth supplementary agreement to the Ouagadougou Political Agreement (2008-12-22)</a> as part of the Cote D'Ivoire: peace process 
 • Total of 19 Peace Agreements signed since Sommet Extraordinaire des Chefs d'Etat de Governement sur la Situation en Côte d'Ivoire, Communiqué Final (Accra I) (29/09/2002) 
 
 Explore PA-X Tracker: <a href=""https://pax.peaceagreements.org/tracker/all/"", target=""_blank"">All</a>",CIV,2023-11-29 09:39:43
Democratic Republic of Congo,23.6157,-2.86219,425,"• UCDP have recorded 2 events and 7 fatalities 
 • ACLED have recorded 38 events and 74 fatalities   
 • Estimated People in Need: 26400000   
 • Esimated Internally Displaced Persons (IDPs): 6040000 
 • Current estimate of people in Food Crisis/Emergency (IPC Phase 3+): 25400000","• UCDP have recorded 425 events and 1659 fatalities 
 • ACLED have recorded 1833 events and 2513 fatalities 
 • ACLED have recorded 684 sexual violence events 
 • New displacements by conflict and violence per year (IDMC): 4004000 
 • INFORM Humanitarian Crisis Index: Complex crisis in DRC: Very High [4.4 out of 5], Floods in DRC: Medium [2.7 out of 5], Floods in south-eastern DRC: Medium [2.6 out of 5] 
 • OECD 2022 categorisation: Extremely fragile 
 • Ranked 158 out of 163 countries in the Global Peace Index [ ↓ 157 from last year], and ranked 186 out of 181 countries in the Corruption Perception Index [ ↑ 188 from last year]","• Most recent agreement [ Ceasefire ] : <a href=""https://www.peaceagreements.org/view/2490"", target=""_blank"">Press Release on Meeting between H.E. Uhuru Muigai Kenyatta, Former President of the Republic of Kenya and Facilitator of the EAC led DRC Peace Process and the Leadership of M-23 (2023-01-12)</a> as part of the DRC: EAC-led Nairobi process for Eastern DRC 
 • Total of 46 Peace Agreements signed since Sirte Peace Agreement (18/04/1999) 
 
 Explore PA-X Tracker: <a href=""https://pax.peaceagreements.org/tracker/democratic-republic-of-congo"", target=""_blank"">Democratic Republic of Congo</a>",COD,2023-11-29 09:39:43
Ecuador,-78.7752,-1.42884,7,"• UCDP have recorded 0 events and 0 fatalities 
 • ACLED have recorded 15 events and 1 fatalities          ","• UCDP have recorded 7 events and 41 fatalities 
 • ACLED have recorded 142 events and 17 fatalities     
 • INFORM Humanitarian Crisis Index: Venezuela displacement in Ecuador: Medium [2.6 out of 5] 
 • OECD 2022 categorisation: Rest of the world 
 • Ranked 79 out of 163 countries in the Global Peace Index [ ↑ 90 from last year], and ranked 137 out of 181 countries in the Corruption Perception Index [ ↑ 141 from last year]","• Most recent agreement [ Implementation ] : <a href=""https://www.peaceagreements.org/view/924"", target=""_blank"">Intercambio de Notas sobre el Acuerdo de Bases respecto de la rehabilitación o reconstrucción de la bocatoma y obras conexas del Canal de Zarumilla (1998-10-26)</a> as part of the Ecuador-Peru border dispute peace process 
 • Total of 14 Peace Agreements signed since Declaracion de Itamaraty (17/02/1995) 
 
 Explore PA-X Tracker: <a href=""https://pax.peaceagreements.org/tracker/all/"", target=""_blank"">All</a>",ECU,2023-11-29 09:39:43
Eritrea,38.86067,15.3628,1,"• UCDP have recorded 0 events and 0 fatalities 
 • ACLED have recorded 0 events and 0 fatalities          ","• UCDP have recorded 1 events and 1 fatalities 
 • ACLED have recorded 2 events and 0 fatalities     
 • INFORM Humanitarian Crisis Index: Complex crisis in Eritrea: High [3.5 out of 5] 
 • OECD 2022 categorisation: Extremely fragile 
 • Ranked 132 out of 163 countries in the Global Peace Index [ ↑ 135 from last year], and ranked 184 out of 181 countries in the Corruption Perception Index [ ↓ 183 from last year]","• Most recent agreement [ Framework-substantive, comprehensive ] : <a href=""https://www.peaceagreements.org/view/2098"", target=""_blank"">Agreement on Peace, Friendship and Comprehensive Cooperation Between the Federal Democratic Republic of Ethiopia and the State of Eritrea (2018-09-16)</a> as part of the Eritrea-Ethiopia border dispute peace process 
 • Total of 12 Peace Agreements signed since UN Security Council Resolution 1177 (26/06/1998) 
 
 Explore PA-X Tracker: <a href=""https://pax.peaceagreements.org/tracker/all/"", target=""_blank"">All</a>",ERI,2023-11-29 09:39:43
Ethiopia,39.64475,8.619089,420,"• UCDP have recorded 1 events and 5 fatalities 
 • ACLED have recorded 39 events and 174 fatalities   
 • Estimated People in Need: 28600000 
 • Estimated Children in Need: 16500000 
 • Esimated Internally Displaced Persons (IDPs): 4385789 
 • Current estimate of people in Food Crisis/Emergency (IPC Phase 3+): 5522943","• UCDP have recorded 420 events and 1245 fatalities 
 • ACLED have recorded 769 events and 1801 fatalities 
 • ACLED have recorded 95 sexual violence events   
 • INFORM Humanitarian Crisis Index: Complex crisis in Ethiopia: High [4 out of 5], International Displacement: High [3.2 out of 5], Northern Ethiopia Conflict: High [3.9 out of 5], Drought in Ethiopia: High [3.7 out of 5], Flood Crisis in Ethiopia: Medium [2.5 out of 5] 
 • OECD 2022 categorisation: Other fragile 
 • Ranked 149 out of 163 countries in the Global Peace Index [ ↓ 140 from last year], and ranked 132 out of 181 countries in the Corruption Perception Index [ ↓ 126 from last year]","• Most recent agreement [ Ceasefire ] : <a href=""https://www.peaceagreements.org/view/2464"", target=""_blank"">Declaration of the Senior Commanders on the Modalities for the Implementation of the Agreement for a Lasting Peace Through a Permanent Cessation of Hostilities (2022-11-12)</a> as part of the Ethiopia: Tigray process 
 • Total of 25 Peace Agreements signed since Transitional Period Charter of Ethiopia (22/07/1991) 
 
 Explore PA-X Tracker: <a href=""https://pax.peaceagreements.org/tracker/ethiopia"", target=""_blank"">Ethiopia</a>",ETH,2023-11-29 09:39:43
France,2.55054,46.55942,3,"• UCDP have recorded 0 events and 0 fatalities 
 • ACLED have recorded 157 events and 0 fatalities          ","• UCDP have recorded 3 events and 3 fatalities 
 • ACLED have recorded 2112 events and 5 fatalities       
 • OECD 2022 categorisation: Rest of the world 
 • Ranked 65 out of 163 countries in the Global Peace Index [ ↑ 72 from last year], and ranked 93 out of 181 countries in the Corruption Perception Index [ ↓ 93 from last year]","• Most recent agreement [ Framework-substantive, comprehensive ] : <a href=""https://www.peaceagreements.org/view/1887"", target=""_blank"">Treaty on the Final Settlement with Respect to Germany (four plus two agreement)
 (1990-09-12)</a> as part of the Post-WWII Germany normalisation process 
 • Total of 1 Peace Agreements signed since Treaty on the Final Settlement with Respect to Germany (four plus two agreement)
 (12/09/1990) 
 
 Explore PA-X Tracker: <a href=""https://pax.peaceagreements.org/tracker/all/"", target=""_blank"">All</a>",FRA,2023-11-29 09:39:43
Ghana,-1.24977,7.980995,4,"• UCDP have recorded 0 events and 0 fatalities 
 • ACLED have recorded 8 events and 5 fatalities          ","• UCDP have recorded 4 events and 13 fatalities 
 • ACLED have recorded 135 events and 103 fatalities 
 • ACLED have recorded 9 sexual violence events     
 • OECD 2022 categorisation: Rest of the world 
 • Ranked 40 out of 163 countries in the Global Peace Index [ ↑ 41 from last year], and ranked 115 out of 181 countries in the Corruption Perception Index [ ↑ 116 from last year]","• Most recent agreement [ Framework-substantive, comprehensive ] : <a href=""https://www.peaceagreements.org/view/2487"", target=""_blank"">Kumasi Accord on Peace and Reconciliation Between the Various Ethnic Groups in the Northern Region of Ghana
 (1996-03-30)</a> as part of the Ghana: Local peace processes in Northern Region 
 • Total of 1 Peace Agreements signed since Kumasi Accord on Peace and Reconciliation Between the Various Ethnic Groups in the Northern Region of Ghana
 (30/03/1996) 
 
 Explore PA-X Tracker: <a href=""https://pax.peaceagreements.org/tracker/all/"", target=""_blank"">All</a>",GHA,2023-11-29 09:39:43
Guatemala,-90.364,15.69724,1,"• UCDP have recorded 0 events and 0 fatalities 
 • ACLED have recorded 11 events and 3 fatalities          ","• UCDP have recorded 1 events and 5 fatalities 
 • ACLED have recorded 859 events and 387 fatalities     
 • INFORM Humanitarian Crisis Index: Complex crisis in Guatemala: High [3.5 out of 5], Hurricane Eta and Iota in Guatemala: High [3.1 out of 5] 
 • OECD 2022 categorisation: Other fragile 
 • Ranked 106 out of 163 countries in the Global Peace Index [ ↑ 113 from last year], and ranked 174 out of 181 countries in the Corruption Perception Index [ ↑ 175 from last year]","• Most recent agreement [ Implementation ] : <a href=""https://www.peaceagreements.org/view/284"", target=""_blank"">Agreement on the Implementation, Compliance and Verification Timetable for the Peace Agreements (1996-12-29)</a> as part of the Guatemala peace process 
 • Total of 19 Peace Agreements signed since Basic Agreement for the Search for Peace by Political Means ('Oslo Agreement') (30/03/1990) 
 
 Explore PA-X Tracker: <a href=""https://pax.peaceagreements.org/tracker/all/"", target=""_blank"">All</a>",GTM,2023-11-29 09:39:43
Haiti,-72.3386,18.40248,2,"• UCDP have recorded 0 events and 0 fatalities 
 • ACLED have recorded 22 events and 89 fatalities   
 • Estimated People in Need: 5200000 
 • Estimated Children in Need: 2500000   
 • Current estimate of people in Food Crisis/Emergency (IPC Phase 3+): 4346137","• UCDP have recorded 2 events and 5 fatalities 
 • ACLED have recorded 434 events and 702 fatalities 
 • ACLED have recorded 48 sexual violence events 
 • New displacements by conflict and violence per year (IDMC): 106000 
 • INFORM Humanitarian Crisis Index: Complex crisis in Haiti: Very High [4.2 out of 5], Nippes Earthquake: Medium [2.9 out of 5] 
 • OECD 2022 categorisation: Extremely fragile 
 • Ranked 115 out of 163 countries in the Global Peace Index [ ↓ 99 from last year], and ranked 188 out of 181 countries in the Corruption Perception Index [ ↓ 184 from last year]","• Most recent agreement [ Framework-substantive, partial ] : <a href=""https://www.peaceagreements.org/view/1805"", target=""_blank"">Agreement Signed by Jimmy Carter and Emile Jonassaint, the Military-Appointed President of Haiti, in Port-au-Prince, on 18 September 1994 (1994-09-18)</a> as part of the Haitian peace process 
 • Total of 4 Peace Agreements signed since Protocol between President Jean-Bertrand Aristide and the parliamentary negotiating commission to find a definitive solution to the Haitian crisis (23/02/1992) 
 
 Explore PA-X Tracker: <a href=""https://pax.peaceagreements.org/tracker/all/"", target=""_blank"">All</a>",HTI,2023-11-29 09:39:43
Honduras,-86.6003,14.82417,4,"• UCDP have recorded 0 events and 0 fatalities 
 • ACLED have recorded 22 events and 8 fatalities          ","• UCDP have recorded 4 events and 60 fatalities 
 • ACLED have recorded 562 events and 339 fatalities     
 • INFORM Humanitarian Crisis Index: Complex crisis in Honduras: High [3.6 out of 5], Hurricane Eta and Iota in Honduras: High [3.3 out of 5] 
 • OECD 2022 categorisation: Other fragile 
 • Ranked 117 out of 163 countries in the Global Peace Index [ ↑ 122 from last year], and ranked 180 out of 181 countries in the Corruption Perception Index [ ↓ 180 from last year]","• Most recent agreement [ Framework-substantive, partial ] : <a href=""https://www.peaceagreements.org/view/1940"", target=""_blank"">Dialogo Guaymuras Acuerdo Tegucigalpa/San Jose Para La Reconciliacion Nacional Y El Fortalecimiento de la democracia en Honduras (2009-10-30)</a> as part of the Honduran constitutional crisis process 
 • Total of 3 Peace Agreements signed since Montelimar Declaration (03/04/1990) 
 
 Explore PA-X Tracker: <a href=""https://pax.peaceagreements.org/tracker/all/"", target=""_blank"">All</a>",HND,2023-11-29 09:39:43
India,79.44333,23.37938,225,"• UCDP have recorded 4 events and 4 fatalities 
 • ACLED have recorded 349 events and 27 fatalities          ","• UCDP have recorded 225 events and 455 fatalities 
 • ACLED have recorded 6801 events and 550 fatalities 
 • ACLED have recorded 146 sexual violence events   
 • INFORM Humanitarian Crisis Index: Conflict in Jammu and Kashmir:  [ out of 5], Multiple Crises in India: Medium [2.8 out of 5], Cyclone Amphan India: Medium [2.5 out of 5], Floods in Assam: Medium [2.9 out of 5], Floods in India: Medium [2.6 out of 5] 
 • OECD 2022 categorisation: Rest of the world 
 • Ranked 135 out of 163 countries in the Global Peace Index [ ↑ 138 from last year], and ranked 125 out of 181 countries in the Corruption Perception Index [ ↓ 125 from last year]","• Most recent agreement [ Framework-substantive, comprehensive ] : <a href=""https://www.peaceagreements.org/view/2391"", target=""_blank"">Karbi Anglong Agreement (2021-09-04)</a> as part of the India-Assam agreement 
 • Total of 35 Peace Agreements signed since Agreement between India and Pakistan on Prevention of Air Space Violations and for Permitting over flights and landings by military aircraft (06/04/1991) 
 
 Explore PA-X Tracker: <a href=""https://pax.peaceagreements.org/tracker/all/"", target=""_blank"">All</a>",IND,2023-11-29 09:39:43
Indonesia,113.9159,-0.98982,20,"• UCDP have recorded 0 events and 0 fatalities 
 • ACLED have recorded 84 events and 2 fatalities          ","• UCDP have recorded 20 events and 43 fatalities 
 • ACLED have recorded 879 events and 84 fatalities 
 • ACLED have recorded 16 sexual violence events   
 • INFORM Humanitarian Crisis Index: Papua Conflict: Medium [2.5 out of 5], Country Level: Medium [2.5 out of 5], Earthquake in West Java province: Low [2 out of 5], Complex Crisis in Indonesia: Medium [2.2 out of 5], Sunda Strait Tsunami: Low [1.3 out of 5], Jakarta Floods: Low [1.7 out of 5], Sulawesi Earthquake: Medium [2.1 out of 5] 
 • OECD 2022 categorisation: Rest of the world 
 • Ranked 47 out of 163 countries in the Global Peace Index [ ↓ 45 from last year], and ranked 144 out of 181 countries in the Corruption Perception Index [ ↓ 134 from last year]","• Most recent agreement [ Framework-substantive, partial ] : <a href=""https://www.peaceagreements.org/view/450"", target=""_blank"">Memorandum of Understanding between the Goverment of the Republic of Indonesia and the Free Aceh Movement (Helsinki MOU) (2005-08-15)</a> as part of the Indonesia-Aceh peace process 
 • Total of 22 Peace Agreements signed since Agreement Between the Republic of Indonesia and the Portuguese Republic on the Question of East Timor (05/05/1999) 
 
 Explore PA-X Tracker: <a href=""https://pax.peaceagreements.org/tracker/all/"", target=""_blank"">All</a>",IDN,2023-11-29 09:39:43
Iran,54.30591,32.55802,8,"• UCDP have recorded 0 events and 0 fatalities 
 • ACLED have recorded 93 events and 4 fatalities          ","• UCDP have recorded 8 events and 26 fatalities 
 • ACLED have recorded 1119 events and 124 fatalities 
 • ACLED have recorded 3 sexual violence events   
 • INFORM Humanitarian Crisis Index: Afghan Refugees in Iran: High [3.6 out of 5], Iran Floods: High [3.1 out of 5], Floods in Sistan - Baluchestan: Low [1.6 out of 5] 
 • OECD 2022 categorisation: Other fragile 
 • Ranked 141 out of 163 countries in the Global Peace Index [ ↑ 143 from last year], and ranked 172 out of 181 countries in the Corruption Perception Index [ ↑ 175 from last year]","• Most recent agreement [  ] :  as part of the  
 • Total of 0 Peace Agreements signed since  
 
 Explore PA-X Tracker: <a href=""https://pax.peaceagreements.org/tracker/all/"", target=""_blank"">All</a>",IRN,2023-11-29 09:39:43
Iraq,43.77717,33.03897,144,"• UCDP have recorded 1 events and 1 fatalities 
 • ACLED have recorded 0 events and 0 fatalities   
 • Estimated People in Need: 2500000 
 • Estimated Children in Need: 1300000 
 • Esimated Internally Displaced Persons (IDPs): 1142014  ","• UCDP have recorded 144 events and 346 fatalities 
 • ACLED have recorded 2714 events and 977 fatalities   
 • New displacements by conflict and violence per year (IDMC): 32000 
 • INFORM Humanitarian Crisis Index: Multiple crises in Iraq: High [3.8 out of 5], Conflict  in Iraq: High [3.8 out of 5], Syrian and Palestinian refugees in iraq: Medium [2.5 out of 5] 
 • OECD 2022 categorisation: Extremely fragile 
 • Ranked 157 out of 163 countries in the Global Peace Index [ ↑ 159 from last year], and ranked 180 out of 181 countries in the Corruption Perception Index [ ↓ 180 from last year]","• Most recent agreement [ Framework-substantive, partial ] : <a href=""https://www.peaceagreements.org/view/2239"", target=""_blank"">A Pact of Honor for the Tribes in Al-Ayadiyah Sub-District (2018-08-09)</a> as part of the Iraq Post-ISIS local agreements 
 • Total of 12 Peace Agreements signed since UN Security Council Resolution 687 (03/04/1991) 
 
 Explore PA-X Tracker: <a href=""https://pax.peaceagreements.org/tracker/iraq"", target=""_blank"">Iraq</a>",IRQ,2023-11-29 09:39:43
Israel,34.97922,31.97771,282,"• UCDP have recorded 13 events and 219 fatalities 
 • ACLED have recorded 119 events and 1 fatalities          ","• UCDP have recorded 282 events and 6729 fatalities 
 • ACLED have recorded 1181 events and 1382 fatalities       
 • OECD 2022 categorisation: Rest of the world 
 • Ranked 134 out of 163 countries in the Global Peace Index [ ↑ 142 from last year], and ranked 94 out of 181 countries in the Corruption Perception Index [ ↑ 95 from last year]","• Most recent agreement [ Ceasefire ] : <a href=""https://www.peaceagreements.org/view/787"", target=""_blank"">Understanding Regarding Ceasefire in Gaza Strip (2012-11-21)</a> as part of the Israel-Palestine peace process 
 • Total of 35 Peace Agreements signed since Letter of Invitation to Madrid Peace Conference (30/10/1991) 
 
 Explore PA-X Tracker: <a href=""https://pax.peaceagreements.org/tracker/all/"", target=""_blank"">All</a>",ISR,2023-11-29 09:39:43
Kenya,37.8897,0.528431,47,"• UCDP have recorded 2 events and 4 fatalities 
 • ACLED have recorded 46 events and 7 fatalities   
 • Estimated People in Need: 6400000 
 • Estimated Children in Need: 2200000    ","• UCDP have recorded 47 events and 204 fatalities 
 • ACLED have recorded 1231 events and 557 fatalities 
 • ACLED have recorded 53 sexual violence events 
 • New displacements by conflict and violence per year (IDMC): 15000 
 • INFORM Humanitarian Crisis Index: Multiple crisis in Kenya: High [3.5 out of 5], Refugee situation in Kenya: Medium [3 out of 5], Drought in Kenya: High [3.7 out of 5], Floods in Kenya:  [ out of 5], Flooding and Landslides in Kenya: Medium [2.2 out of 5] 
 • OECD 2022 categorisation: Other fragile 
 • Ranked 120 out of 163 countries in the Global Peace Index [ ↑ 121 from last year], and ranked 155 out of 181 countries in the Corruption Perception Index [ ↑ 158 from last year]","• Most recent agreement [ Framework-substantive, partial ] : <a href=""https://www.peaceagreements.org/view/2316"", target=""_blank"">Resolutions of the Conflict Mitigation Strategy between Elders from Garissa (Lagdera Sub-County) and Isiolo (Garbatulla Sub-County) Counties attended by National Government Officials together with Building Bridges Initiative at Sportsman’s Arms Hotel, Nanyuki (2019-04-01)</a> as part of the Kenya peace process 
 • Total of 33 Peace Agreements signed since Al-Fatah Peace Declaration (29/09/1993) 
 
 Explore PA-X Tracker: <a href=""https://pax.peaceagreements.org/tracker/all/"", target=""_blank"">All</a>",KEN,2023-11-29 09:39:43
Lebanon,35.89343,33.92145,13,"• UCDP have recorded 0 events and 0 fatalities 
 • ACLED have recorded 224 events and 10 fatalities   
 • Estimated People in Need: 3800000      ","• UCDP have recorded 13 events and 60 fatalities 
 • ACLED have recorded 608 events and 68 fatalities     
 • INFORM Humanitarian Crisis Index: Syrian refugees in Lebanon: High [3.4 out of 5], Socioeconomic crisis in Lebanon: High [3.5 out of 5], Refugee situation in Lebanon: Medium [2.4 out of 5], Palestinians in Lebanon: Low [1.4 out of 5], Explosion in Beirut: High [3.2 out of 5] 
 • OECD 2022 categorisation: Rest of the world 
 • Ranked 138 out of 163 countries in the Global Peace Index [ ↑ 144 from last year], and ranked 174 out of 181 countries in the Corruption Perception Index [ ↑ 178 from last year]","• Most recent agreement [ Ceasefire ] : <a href=""https://www.peaceagreements.org/view/1840"", target=""_blank"">Arsal 24-Hour Ceasefire Agreement (2014-08-05)</a> as part of the Syrian Local Agreements 
 • Total of 8 Peace Agreements signed since Treaty for Brotherhood, Cooperation and Coordination (22/05/1991) 
 
 Explore PA-X Tracker: <a href=""https://pax.peaceagreements.org/tracker/all/"", target=""_blank"">All</a>",LBN,2023-11-29 09:39:43
Liberia,-9.31039,6.447343,2,"• UCDP have recorded 0 events and 0 fatalities 
 • ACLED have recorded 2 events and 0 fatalities          ","• UCDP have recorded 2 events and 3 fatalities 
 • ACLED have recorded 20 events and 7 fatalities       
 • OECD 2022 categorisation: Other fragile 
 • Ranked 75 out of 163 countries in the Global Peace Index [ ↑ 76 from last year], and ranked 168 out of 181 countries in the Corruption Perception Index [ ↓ 165 from last year]","• Most recent agreement [ Framework-substantive, comprehensive ] : <a href=""https://www.peaceagreements.org/view/338"", target=""_blank"">Peace Agreement between the Government of Liberia, the Liberians United for Reconciliation and Democracy (LURD), the Movement of Democracy in Liberia (MODEL) and the Political Parties (Accra Agreement) (2003-08-18)</a> as part of the Liberia peace process 
 • Total of 30 Peace Agreements signed since Decision A/DEC.4/8/90 on the establishment of an ECOWAS Observer Group for Presidential and General Elections in the Republic of Liberia (Ecowas Peace Plan) (07/08/1990) 
 
 Explore PA-X Tracker: <a href=""https://pax.peaceagreements.org/tracker/all/"", target=""_blank"">All</a>",LBR,2023-11-29 09:39:43
Libya,18.03082,27.04182,2,"• UCDP have recorded 0 events and 0 fatalities 
 • ACLED have recorded 5 events and 0 fatalities          ","• UCDP have recorded 2 events and 3 fatalities 
 • ACLED have recorded 92 events and 13 fatalities     
 • INFORM Humanitarian Crisis Index: Complex crisis in Libya: High [3.8 out of 5], Mixed migration flows in Libya: Medium [3 out of 5], Storm Daniel and floods in Libya: High [3.3 out of 5] 
 • OECD 2022 categorisation: Other fragile 
 • Ranked 151 out of 163 countries in the Global Peace Index [ ↑ 156 from last year], and ranked 188 out of 181 countries in the Corruption Perception Index [ ↑ 189 from last year]","• Most recent agreement [ Implementation ] : <a href=""https://www.peaceagreements.org/view/2433"", target=""_blank"">Declaration of the Paris International Conference for Libya (2021-11-12)</a> as part of the Libyan peace process 
 • Total of 46 Peace Agreements signed since Agreement between the Great Socialist People's Libyan Arab Jamahariya and the Rep of Chad concerning the practical modalitities for the implementation of the Judgment delivered by the International Court of Justice on 3 February 1994 (04/04/1994) 
 
 Explore PA-X Tracker: <a href=""https://pax.peaceagreements.org/tracker/all/"", target=""_blank"">All</a>",LBY,2023-11-29 09:39:43
Mali,-3.52047,17.36297,227,"• UCDP have recorded 3 events and 0 fatalities 
 • ACLED have recorded 62 events and 122 fatalities   
 • Estimated People in Need: 8800000 
 • Estimated Children in Need: 4700000 
 • Esimated Internally Displaced Persons (IDPs): 391961 
 • Current estimate of people in Food Crisis/Emergency (IPC Phase 3+): 760887","• UCDP have recorded 227 events and 982 fatalities 
 • ACLED have recorded 1079 events and 2388 fatalities 
 • ACLED have recorded 17 sexual violence events 
 • New displacements by conflict and violence per year (IDMC): 154000 
 • INFORM Humanitarian Crisis Index: Complex crisis in Mali: Very High [4.3 out of 5] 
 • OECD 2022 categorisation: Other fragile 
 • Ranked 150 out of 163 countries in the Global Peace Index [ ↓ 149 from last year], and ranked 165 out of 181 countries in the Corruption Perception Index [ ↓ 165 from last year]","• Most recent agreement [ Renewal ] : <a href=""https://www.peaceagreements.org/view/2484"", target=""_blank"">Accord de Principe de Rome (2022-02-02)</a> as part of the Mali-Azawad Inter-Azawad peace process 
 • Total of 42 Peace Agreements signed since Accord sur la cessation des hostilities entre le Gouvernement de la Republique du Mali d'une part, et le Mouvement Populaire de l'Azaouad et le Front Islamique Arabe d'autre part (Accords de Tamanrasset) (06/01/1991) 
 
 Explore PA-X Tracker: <a href=""https://pax.peaceagreements.org/tracker/all/"", target=""_blank"">All</a>",MLI,2023-11-29 09:39:43
Mexico,-102.548,23.95282,1622,"• UCDP have recorded 19 events and 31 fatalities 
 • ACLED have recorded 252 events and 93 fatalities          ","• UCDP have recorded 1622 events and 2346 fatalities 
 • ACLED have recorded 5408 events and 3878 fatalities 
 • ACLED have recorded 134 sexual violence events   
 • INFORM Humanitarian Crisis Index: Multiple crisis in Mexico: Medium [2.8 out of 5], Criminal Violence in Mexico:  [ out of 5], Mixed Migration in Mexico: Medium [2.4 out of 5], Hurricane Eta and Iota in Southern Mexico: Low [1.7 out of 5] 
 • OECD 2022 categorisation: Rest of the world 
 • Ranked 137 out of 163 countries in the Global Peace Index [ ↑ 139 from last year], and ranked 157 out of 181 countries in the Corruption Perception Index [ ↓ 155 from last year]","• Most recent agreement [ Implementation ] : <a href=""https://www.peaceagreements.org/view/426"", target=""_blank"">Joint Proposals that the Federal Goverrment and the EZLN agree to remit to the National Debating and Decision-Making Bodies in accordance with paragraph 1.4 of the Rules of Procedure (1996-02-16)</a> as part of the Mexico-Chiapas peace process 
 • Total of 6 Peace Agreements signed since Protocole sur les principes de négociation en vue d’un accord de paix conclu par le
Gouvernement et l’EZLN (Ejército zapatista de liberación nacional) (11/09/1995) 
 
 Explore PA-X Tracker: <a href=""https://pax.peaceagreements.org/tracker/all/"", target=""_blank"">All</a>",MEX,2023-11-29 09:39:43
Mozambique,35,-18.25,54,"• UCDP have recorded 0 events and 0 fatalities 
 • ACLED have recorded 16 events and 10 fatalities   
 • Estimated People in Need: 2000000 
 • Estimated Children in Need: 1100000 
 • Esimated Internally Displaced Persons (IDPs): 1028743 
 • Current estimate of people in Food Crisis/Emergency (IPC Phase 3+): 3146423","• UCDP have recorded 54 events and 128 fatalities 
 • ACLED have recorded 217 events and 254 fatalities 
 • ACLED have recorded 26 sexual violence events 
 • New displacements by conflict and violence per year (IDMC): 283000 
 • INFORM Humanitarian Crisis Index: Multiple Crises in Mozambique: High [3.5 out of 5], Cabo Delgado Islamist Insurgency: High [3.4 out of 5], Floods in Maputo province in Mozambique: Low [1.5 out of 5], Tropical Cyclone Freddy in Mozambique: Medium [2.3 out of 5], Drought in Mozambique: High [3.3 out of 5], Tropical Cyclone Idai in mozambique: High [3.4 out of 5], Tropical Cyclone Kenneth in Mozambique: Medium [2.8 out of 5], Food Security Crisis in Mozambique: High [3.5 out of 5], Tropical Cyclone Eloise in Mozambique: Medium [2.3 out of 5], 2022 Tropical Cyclone Seasons in Mozambique: Medium [2.9 out of 5] 
 • OECD 2022 categorisation: Other fragile 
 • Ranked 122 out of 163 countries in the Global Peace Index [ ↓ 111 from last year], and ranked 168 out of 181 countries in the Corruption Perception Index [ ↑ 173 from last year]","• Most recent agreement [ Implementation ] : <a href=""https://www.peaceagreements.org/view/1517"", target=""_blank"">Declaração de Princíp ios sobre a despartidarização  da Função Pública (2015-06-23)</a> as part of the Mozambique process - recent 
 • Total of 13 Peace Agreements signed since Joint Communiqué (10/07/1990) 
 
 Explore PA-X Tracker: <a href=""https://pax.peaceagreements.org/tracker/all/"", target=""_blank"">All</a>",MOZ,2023-11-29 09:39:43
Myanmar,96.50374,21.10066,1215,"• UCDP have recorded 9 events and 12 fatalities 
 • ACLED have recorded 392 events and 668 fatalities   
 • Estimated People in Need: 17600000 
 • Estimated Children in Need: 5800000    ","• UCDP have recorded 1215 events and 1499 fatalities 
 • ACLED have recorded 6203 events and 8243 fatalities 
 • ACLED have recorded 191 sexual violence events 
 • New displacements by conflict and violence per year (IDMC): 1006000 
 • INFORM Humanitarian Crisis Index: Multiple crises in Myanmar: Very High [4.6 out of 5], Rakhine Conflict: High [3.7 out of 5], Kachin and Shan Conflict: High [3.7 out of 5], Post-coup conflict in Myanmar: Very High [4.4 out of 5], Cyclone Mocha in Myanmar: Medium [2.8 out of 5] 
 • OECD 2022 categorisation: Other fragile 
 • Ranked 139 out of 163 countries in the Global Peace Index [ ↓ 132 from last year], and ranked 180 out of 181 countries in the Corruption Perception Index [ ↓ 168 from last year]","• Most recent agreement [ Framework-substantive, partial ] : <a href=""https://www.peaceagreements.org/view/2369"", target=""_blank"">Union Accord Part III (Pyidaungsu Accord) (2020-08-21)</a> as part of the Myanmar 21st Century Panglong Process 
 • Total of 38 Peace Agreements signed since National Democratic Alliance Army (NDAA) Agreed Terms (07/09/2011) 
 
 Explore PA-X Tracker: <a href=""https://pax.peaceagreements.org/tracker/myanmar"", target=""_blank"">Myanmar</a>",MMR,2023-11-29 09:39:43
Niger,9.401673,17.42088,65,"• UCDP have recorded 1 events and 10 fatalities 
 • ACLED have recorded 17 events and 16 fatalities   
 • Estimated People in Need: 4300000 
 • Estimated Children in Need: 2000000 
 • Esimated Internally Displaced Persons (IDPs): 361593  ","• UCDP have recorded 65 events and 452 fatalities 
 • ACLED have recorded 460 events and 707 fatalities     
 • INFORM Humanitarian Crisis Index: Multiple crises in Niger: High [3.8 out of 5], Lake Chad basin crisis in Niger: High [3.2 out of 5], Mali/Burkina Faso conflict: High [3.5 out of 5], Nigerian Refugees: Medium [2.6 out of 5], Floods in Niger: Medium [2.9 out of 5] 
 • OECD 2022 categorisation: Other fragile 
 • Ranked 140 out of 163 countries in the Global Peace Index [ ↑ 141 from last year], and ranked 155 out of 181 countries in the Corruption Perception Index [ ↓ 155 from last year]","• Most recent agreement [ Framework-substantive, partial ] : <a href=""https://www.peaceagreements.org/view/2295"", target=""_blank"">Diffa Declaration of Commitment (Accord de Diffa) (2019-09-12)</a> as part of the Niger local agreements 
 • Total of 10 Peace Agreements signed since Accord de Paix entre le Gouvernement de la Republique du Niger et la Coordination de la Resistance Armee (Ouagadougou Accord) (09/10/1994) 
 
 Explore PA-X Tracker: <a href=""https://pax.peaceagreements.org/tracker/all/"", target=""_blank"">All</a>",NER,2023-11-29 09:39:43
Nigeria,8.106778,9.593697,735,"• UCDP have recorded 8 events and 44 fatalities 
 • ACLED have recorded 123 events and 155 fatalities   
 • Estimated People in Need: 8300000 
 • Estimated Children in Need: 5700000   
 • Current estimate of people in Food Crisis/Emergency (IPC Phase 3+): 12936583","• UCDP have recorded 735 events and 4006 fatalities 
 • ACLED have recorded 2297 events and 4961 fatalities 
 • ACLED have recorded 100 sexual violence events 
 • New displacements by conflict and violence per year (IDMC): 148000 
 • INFORM Humanitarian Crisis Index: Complex crisis in Nigeria: Very High [4.1 out of 5], Middle belt conflict: High [3.4 out of 5], Lake Chad basin crisis in Nigeria: Very High [4.2 out of 5], Northwest Banditry: High [3.7 out of 5], Cameroonian Refugees in Nigeria: Medium [2.3 out of 5], Food insecurity in Nigeria: High [3.6 out of 5], Cameroon refugees in Nigeria: Low [1.5 out of 5] 
 • OECD 2022 categorisation: Other fragile 
 • Ranked 143 out of 163 countries in the Global Peace Index [ ↑ 145 from last year], and ranked 174 out of 181 countries in the Corruption Perception Index [ ↑ 178 from last year]","• Most recent agreement [ Ceasefire ] : <a href=""https://www.peaceagreements.org/view/2290"", target=""_blank"">Joint communique by the chairs of the ten (10) communities to resolve the farmer-herder conflict in Benue State (2020-03-26)</a> as part of the Nigeria - local agreements 
 • Total of 14 Peace Agreements signed since Joint Communiqué Establishing the Cameroon-Nigeria Mixed Commission (CNMC) (15/11/2002) 
 
 Explore PA-X Tracker: <a href=""https://pax.peaceagreements.org/tracker/all/"", target=""_blank"">All</a>",NGA,2023-11-29 09:39:43
Pakistan,70.2101,30.31428,232,"• UCDP have recorded 4 events and 14 fatalities 
 • ACLED have recorded 116 events and 47 fatalities          ","• UCDP have recorded 232 events and 712 fatalities 
 • ACLED have recorded 2576 events and 1178 fatalities 
 • ACLED have recorded 16 sexual violence events   
 • INFORM Humanitarian Crisis Index: Complex crisis in Pakistan: High [3.9 out of 5], Kashmir conflict in Pakistan:  [ out of 5], Floods in Pakistan: High [3.6 out of 5], Drought in Pakistan: Medium [2.6 out of 5], Conflict in Pakistan: High [3.2 out of 5] 
 • OECD 2022 categorisation: Other fragile 
 • Ranked 147 out of 163 countries in the Global Peace Index [ ↑ 148 from last year], and ranked 167 out of 181 countries in the Corruption Perception Index [ ↑ 168 from last year]","• Most recent agreement [ Renewal ] : <a href=""https://www.peaceagreements.org/view/2370"", target=""_blank"">Joint statement (2021-02-25)</a> as part of the India-Pakistan border and related process 
 • Total of 15 Peace Agreements signed since Agreement between India and Pakistan on Prevention of Air Space Violations and for Permitting over flights and landings by military aircraft (06/04/1991) 
 
 Explore PA-X Tracker: <a href=""https://pax.peaceagreements.org/tracker/all/"", target=""_blank"">All</a>",PAK,2023-11-29 09:39:43
Papua New Guinea,145.2538,-6.47559,5,"• UCDP have recorded 0 events and 0 fatalities 
 • ACLED have recorded 11 events and 8 fatalities          ","• UCDP have recorded 5 events and 61 fatalities 
 • ACLED have recorded 90 events and 101 fatalities 
 • ACLED have recorded 15 sexual violence events   
 • INFORM Humanitarian Crisis Index: Highlands Violence: Medium [2.5 out of 5], Complex crisis in PNG:  [ out of 5] 
 • OECD 2022 categorisation: Other fragile 
 • Ranked 94 out of 163 countries in the Global Peace Index [ ↑ 96 from last year], and ranked 160 out of 181 countries in the Corruption Perception Index [ ↓ 155 from last year]","• Most recent agreement [ Implementation ] : <a href=""https://www.peaceagreements.org/view/2428"", target=""_blank"">Joint Statement on the Outcomes of the first Post-Referendum Consultations held at Kokopo (Kokopo Statement) (2021-05-19)</a> as part of the Bougainville: peace process 
 • Total of 37 Peace Agreements signed since Agreement to End Hostilities on Bougainville (01/03/1990) 
 
 Explore PA-X Tracker: <a href=""https://pax.peaceagreements.org/tracker/all/"", target=""_blank"">All</a>",PNG,2023-11-29 09:39:43
Philippines,120.8616,14.16486,60,"• UCDP have recorded 1 events and 1 fatalities 
 • ACLED have recorded 18 events and 14 fatalities          ","• UCDP have recorded 60 events and 140 fatalities 
 • ACLED have recorded 486 events and 418 fatalities     
 • INFORM Humanitarian Crisis Index: Multiple crises in the Philippines: Medium [2.5 out of 5], Mindanao conflict: Medium [2.1 out of 5], Typhoon Nalgae: Low [1.7 out of 5], Southwest Monsoon and Typhoon Doksuri: Low [1.8 out of 5], LPAs, Northeast Monsoon, and Shear Line: Low [1.6 out of 5], Monsoon in Philippines: Low [1.5 out of 5], Philippines: Low [1.3 out of 5], Mindanao Earthquake: Low [1.8 out of 5], Typhoon Tisoy: Low [1.8 out of 5], Typhoon Phanfone: High [3.1 out of 5], Taal Volcano in Philippines: Low [2 out of 5], Typhoon Ambo Philippines:  [ out of 5], Typhoon Goni (Rolly) and Typhoon Vamco (Ulysses): Medium [2.5 out of 5], Typhoon RAI: Medium [3 out of 5], Earthquake in Abra: Low [1.9 out of 5] 
 • OECD 2022 categorisation: Rest of the world 
 • Ranked 125 out of 163 countries in the Global Peace Index [ ↑ 129 from last year], and ranked 149 out of 181 countries in the Corruption Perception Index [ ↑ 150 from last year]","• Most recent agreement [ Implementation ] : <a href=""https://www.peaceagreements.org/view/2492"", target=""_blank"">Joint Statement (2022-06-03)</a> as part of the Philippines - Mindanao process 
 • Total of 162 Peace Agreements signed since The Hague Joint Declaration (01/09/1992) 
 
 Explore PA-X Tracker: <a href=""https://pax.peaceagreements.org/tracker/philippines"", target=""_blank"">Philippines</a>",PHL,2023-11-29 09:39:43
Russia,96.80537,61.98953,59,"• UCDP have recorded 0 events and 0 fatalities 
 • ACLED have recorded 94 events and 0 fatalities          ","• UCDP have recorded 59 events and 130 fatalities 
 • ACLED have recorded 1254 events and 128 fatalities 
 • ACLED have recorded 28 sexual violence events   
 • INFORM Humanitarian Crisis Index: Displacement from Ukraine conflict in Russia: Medium [2.7 out of 5] 
 • OECD 2022 categorisation: Rest of the world 
 • Ranked 160 out of 163 countries in the Global Peace Index [ ↓ 155 from last year], and ranked 165 out of 181 countries in the Corruption Perception Index [ ↓ 165 from last year]","• Most recent agreement [ Ceasefire ] : <a href=""https://www.peaceagreements.org/view/2444"", target=""_blank"">Initiative on the Safe Transportation of Grain and Foodstuffs from Ukrainian Ports
 (2022-07-22)</a> as part of the Ukraine - Russia: interstate agreements 
 • Total of 77 Peace Agreements signed since Treaty on the Final Settlement with Respect to Germany (four plus two agreement)
 (12/09/1990) 
 
 Explore PA-X Tracker: <a href=""https://pax.peaceagreements.org/tracker/all/"", target=""_blank"">All</a>",RUS,2023-11-29 09:39:43
Saudi Arabia,44.54883,24.12137,3,"• UCDP have recorded 0 events and 0 fatalities 
 • ACLED have recorded 0 events and 0 fatalities          ","• UCDP have recorded 3 events and 7 fatalities 
 • ACLED have recorded 7 events and 187 fatalities       
 • OECD 2022 categorisation: Rest of the world 
 • Ranked 119 out of 163 countries in the Global Peace Index [ ↑ 127 from last year], and ranked 105 out of 181 countries in the Corruption Perception Index [ ↓ 105 from last year]","• Most recent agreement [ Implementation ] : <a href=""https://www.peaceagreements.org/view/408"", target=""_blank"">International Border Treaty between the Republic of Yemen and the Kingdom of Saudi Arabia (2000-06-12)</a> as part of the Saudi Arabia - Yemen Border process 
 • Total of 2 Peace Agreements signed since Saudi-Yemeni Memorandum of Understanding (26/02/1995) 
 
 Explore PA-X Tracker: <a href=""https://pax.peaceagreements.org/tracker/all/"", target=""_blank"">All</a>",SAU,2023-11-29 09:39:43
Senegal,-14.4593,14.36303,2,"• UCDP have recorded 0 events and 0 fatalities 
 • ACLED have recorded 2 events and 0 fatalities          ","• UCDP have recorded 2 events and 4 fatalities 
 • ACLED have recorded 73 events and 10 fatalities     
 • INFORM Humanitarian Crisis Index: Drought in Senegal: Medium [2.7 out of 5] 
 • OECD 2022 categorisation: Rest of the world 
 • Ranked 70 out of 163 countries in the Global Peace Index [ ↓ 58 from last year], and ranked 115 out of 181 countries in the Corruption Perception Index [ ↑ 116 from last year]","• Most recent agreement [ Pre-negotiation ] : <a href=""https://www.peaceagreements.org/view/2380"", target=""_blank"">Joint Statement (2021-04-09)</a> as part of the Casamance process 
 • Total of 3 Peace Agreements signed since Toubacouta Communique (29/03/1991) 
 
 Explore PA-X Tracker: <a href=""https://pax.peaceagreements.org/tracker/all/"", target=""_blank"">All</a>",SEN,2023-11-29 09:39:43
Somalia,46.20311,4.404616,160,"• UCDP have recorded 2 events and 9 fatalities 
 • ACLED have recorded 38 events and 35 fatalities       
 • Esimated Internally Displaced Persons (IDPs): 3864000 
 • Current estimate of people in Food Crisis/Emergency (IPC Phase 3+): 3733010","• UCDP have recorded 160 events and 3126 fatalities 
 • ACLED have recorded 1746 events and 4944 fatalities 
 • ACLED have recorded 55 sexual violence events 
 • New displacements by conflict and violence per year (IDMC): 621000 
 • INFORM Humanitarian Crisis Index: Complex crisis in Somalia: Very High [4.7 out of 5], Mixed Migration Flows in Somalia: Low [1.9 out of 5], Floods in Somalia: Medium [2.9 out of 5] 
 • OECD 2022 categorisation: Extremely fragile 
 • Ranked 156 out of 163 countries in the Global Peace Index [ ↑ 158 from last year], and ranked 192 out of 181 countries in the Corruption Perception Index [ ↓ 191 from last year]","• Most recent agreement [ Framework-substantive, partial ] : <a href=""https://www.peaceagreements.org/view/2099"", target=""_blank"">Joint Declaration on Comprehensive Cooperation Between Ethiopia, Somalia and Eritrea (2018-09-05)</a> as part of the Eritrea-Ethiopia border dispute peace process 
 • Total of 55 Peace Agreements signed since Pledge signed at the United Nations Headquarters on 14 February 1992 by Mr Osman Hassan Ali, head of the delegation, member of the Standing Committee of the Central Committee of the Somali National Congress  (14/02/1992) 
 
 Explore PA-X Tracker: <a href=""https://pax.peaceagreements.org/tracker/somalia"", target=""_blank"">Somalia</a>",SOM,2023-11-29 09:39:43
South Africa,25.08505,-28.9972,22,"• UCDP have recorded 0 events and 0 fatalities 
 • ACLED have recorded 29 events and 0 fatalities          ","• UCDP have recorded 22 events and 44 fatalities 
 • ACLED have recorded 691 events and 154 fatalities 
 • ACLED have recorded 15 sexual violence events     
 • OECD 2022 categorisation: Rest of the world 
 • Ranked 118 out of 163 countries in the Global Peace Index [ ↑ 123 from last year], and ranked 115 out of 181 countries in the Corruption Perception Index [ ↓ 114 from last year]","• Most recent agreement [ Implementation ] : <a href=""https://www.peaceagreements.org/view/789"", target=""_blank"">Peace, Security and Cooperation Framework for the Democratic Republic of the Congo and the region
 (2013-02-24)</a> as part of the African Great Lakes: Regional Process 
 • Total of 16 Peace Agreements signed since Groot Schuur Minute (04/05/1990) 
 
 Explore PA-X Tracker: <a href=""https://pax.peaceagreements.org/tracker/all/"", target=""_blank"">All</a>",ZAF,2023-11-29 09:39:43
South Sudan,30.34377,7.263461,10,"• UCDP have recorded 0 events and 0 fatalities 
 • ACLED have recorded 12 events and 36 fatalities   
 • Estimated People in Need: 9400000 
 • Estimated Children in Need: 5000000 
 • Esimated Internally Displaced Persons (IDPs): 2000000 
 • Current estimate of people in Food Crisis/Emergency (IPC Phase 3+): 5830000","• UCDP have recorded 10 events and 79 fatalities 
 • ACLED have recorded 375 events and 1215 fatalities 
 • ACLED have recorded 338 sexual violence events 
 • New displacements by conflict and violence per year (IDMC): 337000 
 • INFORM Humanitarian Crisis Index: Complex crisis in South Sudan: Very High [4.4 out of 5], 2022 seasonal floods in South Sudan: High [3.5 out of 5], Floods in South Sudan: High [3.1 out of 5] 
 • OECD 2022 categorisation: Extremely fragile 
 • Ranked 159 out of 163 countries in the Global Peace Index [ ↑ 160 from last year], and ranked 191 out of 181 countries in the Corruption Perception Index [ ↓ 191 from last year]","• Most recent agreement [ Pre-negotiation ] : <a href=""https://www.peaceagreements.org/view/2452"", target=""_blank"">Agreement of Peace Dialogue held between Chiefs and leaders of Bor County (Jonglei State and Gumuruk County (GPAA) from 14-15 November 2022 at Nile beach Hotel, Juba (2022-11-14)</a> as part of the South Sudan: Post-secession Local agreements 
 • Total of 139 Peace Agreements signed since Communique of the Abuja Sudanese Peace Conference (04/06/1992) 
 
 Explore PA-X Tracker: <a href=""https://pax.peaceagreements.org/tracker/south-sudan"", target=""_blank"">South Sudan</a>",SSD,2023-11-29 09:39:43
Sudan,30.00919,16.05325,203,"• UCDP have recorded 5 events and 18 fatalities 
 • ACLED have recorded 111 events and 224 fatalities 
 • ACLED have recorded 1 sexual violence events 
 • Estimated People in Need: 24700000 
 • Estimated Children in Need: 8500000 
 • Esimated Internally Displaced Persons (IDPs): 3780000 
 • Current estimate of people in Food Crisis/Emergency (IPC Phase 3+): 20293352","• UCDP have recorded 203 events and 2690 fatalities 
 • ACLED have recorded 1825 events and 6008 fatalities 
 • ACLED have recorded 560 sexual violence events 
 • New displacements by conflict and violence per year (IDMC): 314000 
 • INFORM Humanitarian Crisis Index: Complex crisis in Sudan: Very High [4.8 out of 5], Refugees in Sudan: High [3.3 out of 5], Violence in Darfur and Kordofan regions: Very High [4.4 out of 5], Floods in Sudan: Medium [2.8 out of 5], Conflict and food insecurity in Sudan: High [3.9 out of 5], Eritrean refugees in Sudan: Medium [2.7 out of 5], South Sudanese refugees in Sudan: High [3.4 out of 5], Refugees from Ethiopia: Medium [2.5 out of 5] 
 • OECD 2022 categorisation: Extremely fragile 
 • Ranked 154 out of 163 countries in the Global Peace Index [ ↓ 152 from last year], and ranked 184 out of 181 countries in the Corruption Perception Index [ ↓ 184 from last year]","• Most recent agreement [ Framework-substantive, partial ] : <a href=""https://www.peaceagreements.org/view/2414"", target=""_blank"">Non-aggression document by the components of the Misterei region (West Darfur Misterei Agreement) (2021-12-15)</a> as part of the Sudan Local Processes 
 • Total of 122 Peace Agreements signed since Communique of the Abuja Sudanese Peace Conference (04/06/1992) 
 
 Explore PA-X Tracker: <a href=""https://pax.peaceagreements.org/tracker/all/"", target=""_blank"">All</a>",SDN,2023-11-29 09:39:43
Syria,38.50527,35.01281,568,"• UCDP have recorded 3 events and 3 fatalities 
 • ACLED have recorded 0 events and 0 fatalities   
 • Estimated People in Need: 15300000 
 • Estimated Children in Need: 7000000 
 • Esimated Internally Displaced Persons (IDPs): 6800000  ","• UCDP have recorded 568 events and 1456 fatalities 
 • ACLED have recorded 5735 events and 3409 fatalities 
 • ACLED have recorded 15 sexual violence events 
 • New displacements by conflict and violence per year (IDMC): 171000 
 • INFORM Humanitarian Crisis Index: Syrian conflict: Very High [4.6 out of 5], Türkiye / Syria earthquake in Syria: Very High [4.2 out of 5] 
 • OECD 2022 categorisation: Extremely fragile 
 • Ranked 161 out of 163 countries in the Global Peace Index [ ↓ 161 from last year], and ranked 191 out of 181 countries in the Corruption Perception Index [ ↓ 191 from last year]","• Most recent agreement [ Ceasefire ] : <a href=""https://www.peaceagreements.org/view/2345"", target=""_blank"">Agreement between Tahrir al-Sham and operations room Fathbatu (2020-06-26)</a> as part of the Syrian Local Agreements 
 • Total of 108 Peace Agreements signed since Treaty for Brotherhood, Cooperation and Coordination (22/05/1991) 
 
 Explore PA-X Tracker: <a href=""https://pax.peaceagreements.org/tracker/syria"", target=""_blank"">Syria</a>",SYR,2023-11-29 09:39:43
Tajikistan,71,39,2,"• UCDP have recorded 0 events and 0 fatalities 
 • ACLED have recorded 0 events and 0 fatalities          ","• UCDP have recorded 2 events and 6 fatalities 
 • ACLED have recorded 8 events and 5 fatalities       
 • OECD 2022 categorisation: Other fragile 
 • Ranked 92 out of 163 countries in the Global Peace Index [ ↑ 98 from last year], and ranked 174 out of 181 countries in the Corruption Perception Index [ ↑ 175 from last year]","• Most recent agreement [ Pre-negotiation ] : <a href=""https://www.peaceagreements.org/view/2392"", target=""_blank"">Joint Statement (2021-06-29)</a> as part of the Kyrgyzstan–Tajikistan Border Process 
 • Total of 23 Peace Agreements signed since Agreement on a Temporary Ceasefire and the Cessation of Other Hostile Acts on the Tajik-Afghan Border and within the Country for the Duration of the Talks [The Tehran Agreement] (17/09/1994) 
 
 Explore PA-X Tracker: <a href=""https://pax.peaceagreements.org/tracker/all/"", target=""_blank"">All</a>",TJK,2023-11-29 09:39:43
Thailand,101.0122,15.1168,20,"• UCDP have recorded 0 events and 0 fatalities 
 • ACLED have recorded 4 events and 1 fatalities          ","• UCDP have recorded 20 events and 20 fatalities 
 • ACLED have recorded 175 events and 38 fatalities     
 • INFORM Humanitarian Crisis Index: Multiple situations in Thailand: Low [1.8 out of 5], Conflict in southern Thailand:  [ out of 5], Myanmar refugees in Thailand: Low [2 out of 5] 
 • OECD 2022 categorisation: Rest of the world 
 • Ranked 103 out of 163 countries in the Global Peace Index [ ↑ 112 from last year], and ranked 137 out of 181 countries in the Corruption Perception Index [ ↑ 145 from last year]","• Most recent agreement [ Pre-negotiation ] : <a href=""https://www.peaceagreements.org/view/790"", target=""_blank"">General Consensus on Peace Dialogue Process
 (2013-02-28)</a> as part of the Thailand peace process 
 • Total of 1 Peace Agreements signed since General Consensus on Peace Dialogue Process
 (28/02/2013) 
 
 Explore PA-X Tracker: <a href=""https://pax.peaceagreements.org/tracker/all/"", target=""_blank"">All</a>",THA,2023-11-29 09:39:43
Togo,0.974444,8.53905,8,"• UCDP have recorded 0 events and 0 fatalities 
 • ACLED have recorded 2 events and 4 fatalities          ","• UCDP have recorded 8 events and 64 fatalities 
 • ACLED have recorded 34 events and 89 fatalities       
 • OECD 2022 categorisation: Other fragile 
 • Ranked 102 out of 163 countries in the Global Peace Index [ ↑ 109 from last year], and ranked 160 out of 181 countries in the Corruption Perception Index [ ↓ 158 from last year]","• Most recent agreement [ Framework-substantive, partial ] : <a href=""https://www.peaceagreements.org/view/844"", target=""_blank"">Dialogue inter-togolais: memorandum des partis politiques signataires de l'Accord Politique Global et représentés à l'Assemblée Nationale (2009-08-07)</a> as part of the Togo peace process 
 • Total of 3 Peace Agreements signed since Dialogue inter-togolais: accord cadre de Lomé (27/09/1999) 
 
 Explore PA-X Tracker: <a href=""https://pax.peaceagreements.org/tracker/all/"", target=""_blank"">All</a>",TGO,2023-11-29 09:39:43
Turkey,35.14229,39.06625,25,"• UCDP have recorded 0 events and 0 fatalities 
 • ACLED have recorded 139 events and 0 fatalities          ","• UCDP have recorded 25 events and 45 fatalities 
 • ACLED have recorded 1527 events and 84 fatalities 
 • ACLED have recorded 8 sexual violence events   
 • INFORM Humanitarian Crisis Index: Complex situation in Türkiye: High [3.5 out of 5], Syrian Refugees in Türkiye: High [3.1 out of 5], Mixed Migration Flows in Türkiye: Medium [2.1 out of 5], Kurdish Conflict:  [ out of 5], Türkiye / Syria earthquake in Türkiye: High [3.3 out of 5] 
 • OECD 2022 categorisation: Rest of the world 
 • Ranked 145 out of 163 countries in the Global Peace Index [ ↑ 150 from last year], and ranked 137 out of 181 countries in the Corruption Perception Index [ ↓ 134 from last year]","• Most recent agreement [ Ceasefire ] : <a href=""https://www.peaceagreements.org/view/2273"", target=""_blank"">Additional Protocol to the Memorandum on Stabilization of the Situation in the Idlib De-Escalation Area (2020-03-05)</a> as part of the Syrian peace process 
 • Total of 4 Peace Agreements signed since Memorandum on Stabilisation of the Situation in the Idlib De-escalation Area (17/09/2018) 
 
 Explore PA-X Tracker: <a href=""https://pax.peaceagreements.org/tracker/all/"", target=""_blank"">All</a>",TUR,2023-11-29 09:39:43
Uganda,32.33571,1.513806,10,"• UCDP have recorded 1 events and 11 fatalities 
 • ACLED have recorded 5 events and 4 fatalities          ","• UCDP have recorded 10 events and 67 fatalities 
 • ACLED have recorded 277 events and 196 fatalities 
 • ACLED have recorded 40 sexual violence events   
 • INFORM Humanitarian Crisis Index: International Displacement in Uganda: High [3.2 out of 5], Multiple crises in Uganda: High [3.3 out of 5], Food Security Crisis in Karamoja Region: Medium [2.9 out of 5], South sudanese refugees in Uganda: Medium [2.5 out of 5], DRC refugees in Uganda: Low [1.6 out of 5], Drought in Uganda: Medium [2.3 out of 5], Floods and Landslides in Uganda:  [ out of 5] 
 • OECD 2022 categorisation: Other fragile 
 • Ranked 121 out of 163 countries in the Global Peace Index [ ↓ 115 from last year], and ranked 168 out of 181 countries in the Corruption Perception Index [ ↑ 171 from last year]","• Most recent agreement [ Implementation ] : <a href=""https://www.peaceagreements.org/view/789"", target=""_blank"">Peace, Security and Cooperation Framework for the Democratic Republic of the Congo and the region
 (2013-02-24)</a> as part of the African Great Lakes: Regional Process 
 • Total of 26 Peace Agreements signed since The Agreement between the Uganda Government and the Lord's Resistance Army ('Gulu Ceasefire') (02/02/1994) 
 
 Explore PA-X Tracker: <a href=""https://pax.peaceagreements.org/tracker/all/"", target=""_blank"">All</a>",UGA,2023-11-29 09:39:43
Ukraine,31.37493,49.0269,4306,"• UCDP have recorded 50 events and 76 fatalities 
 • ACLED have recorded 829 events and 1014 fatalities   
 • Estimated People in Need: 17600000 
 • Estimated Children in Need: 3200000 
 • Esimated Internally Displaced Persons (IDPs): 3674000  ","• UCDP have recorded 4306 events and 60909 fatalities 
 • ACLED have recorded 25049 events and 16004 fatalities 
 • ACLED have recorded 38 sexual violence events 
 • New displacements by conflict and violence per year (IDMC): 16870000 
 • INFORM Humanitarian Crisis Index: Conflict in Ukraine: Very High [4.3 out of 5] 
 • OECD 2022 categorisation: Rest of the world 
 • Ranked 153 out of 163 countries in the Global Peace Index [ ↓ 136 from last year], and ranked 149 out of 181 countries in the Corruption Perception Index [ ↑ 154 from last year]","• Most recent agreement [ Ceasefire ] : <a href=""https://www.peaceagreements.org/view/2444"", target=""_blank"">Initiative on the Safe Transportation of Grain and Foodstuffs from Ukrainian Ports
 (2022-07-22)</a> as part of the Ukraine - Russia: interstate agreements 
 • Total of 10 Peace Agreements signed since On Peaceful Settlement of Situation in the Eastern Regions of Ukraine (20/06/2014) 
 
 Explore PA-X Tracker: <a href=""https://pax.peaceagreements.org/tracker/ukraine"", target=""_blank"">Ukraine</a>",UKR,2023-11-29 09:39:43
United Kingdom,-1.96956,53.40839,1,"• UCDP have recorded 0 events and 0 fatalities 
 • ACLED have recorded 15 events and 0 fatalities          ","• UCDP have recorded 1 events and 3 fatalities 
 • ACLED have recorded 229 events and 1 fatalities       
 • OECD 2022 categorisation: Rest of the world 
 • Ranked 34 out of 163 countries in the Global Peace Index [ ↑ 36 from last year], and ranked 91 out of 181 countries in the Corruption Perception Index [ ↓ 89 from last year]","• Most recent agreement [ Implementation ] : <a href=""https://www.peaceagreements.org/view/2270"", target=""_blank"">New Decade, New Approach  (2020-01-10)</a> as part of the Northern Ireland peace process 
 • Total of 38 Peace Agreements signed since Joint Statement of Confidence-Building Measures, including an Information and Consultation System and Safety Measures for Air and Maritime Navigation (15/02/1990) 
 
 Explore PA-X Tracker: <a href=""https://pax.peaceagreements.org/tracker/all/"", target=""_blank"">All</a>",GBR,2023-11-29 09:39:43
United States of America,-99.4146,39.3987,1,"• UCDP have recorded 0 events and 0 fatalities 
 • ACLED have recorded 409 events and 1 fatalities          ","• UCDP have recorded 1 events and 3 fatalities 
 • ACLED have recorded 3604 events and 30 fatalities       
 • OECD 2022 categorisation: Rest of the world 
 • Ranked 129 out of 163 countries in the Global Peace Index [ ↓ 128 from last year], and ranked 93 out of 181 countries in the Corruption Perception Index [ ↑ 94 from last year]","• Most recent agreement [ Framework-substantive, partial ] : <a href=""https://www.peaceagreements.org/view/2272"", target=""_blank"">Joint Declaration between the Islamic Republic of Afghanistan and the United States of America
for Bringing Peace to Afghanistan (2020-02-29)</a> as part of the Afghanistan: 2000s Post-intervention process 
 • Total of 9 Peace Agreements signed since Treaty on the Final Settlement with Respect to Germany (four plus two agreement)
 (12/09/1990) 
 
 Explore PA-X Tracker: <a href=""https://pax.peaceagreements.org/tracker/all/"", target=""_blank"">All</a>",USA,2023-11-29 09:39:43
Venezuela,-66.1628,7.120734,33,"• UCDP have recorded 0 events and 0 fatalities 
 • ACLED have recorded 49 events and 10 fatalities   
 • Estimated People in Need: 7000000 
 • Estimated Children in Need: 3200000    ","• UCDP have recorded 33 events and 47 fatalities 
 • ACLED have recorded 971 events and 355 fatalities 
 • ACLED have recorded 18 sexual violence events   
 • INFORM Humanitarian Crisis Index: Complex crisis in Venezuela: Very High [4.3 out of 5] 
 • OECD 2022 categorisation: Other fragile 
 • Ranked 148 out of 163 countries in the Global Peace Index [ ↑ 151 from last year], and ranked 191 out of 181 countries in the Corruption Perception Index [ ↓ 191 from last year]","• Most recent agreement [ Framework-substantive, partial ] : <a href=""https://www.peaceagreements.org/view/1083"", target=""_blank"">Declaración de Principios y Mecanismo de Cooperación entre Colombia y Venezuela (2010-08-10)</a> as part of the Colombia V - Santos 
 • Total of 1 Peace Agreements signed since Declaración de Principios y Mecanismo de Cooperación entre Colombia y Venezuela (10/08/2010) 
 
 Explore PA-X Tracker: <a href=""https://pax.peaceagreements.org/tracker/all/"", target=""_blank"">All</a>",VEN,2023-11-29 09:39:43
Yemen,47.59395,15.90521,204,"• UCDP have recorded 1 events and 2 fatalities 
 • ACLED have recorded 103 events and 50 fatalities   
 • Estimated People in Need: 21600000 
 • Estimated Children in Need: 11100000 
 • Esimated Internally Displaced Persons (IDPs): 4523022 
 • Current estimate of people in Food Crisis/Emergency (IPC Phase 3+): 3871500","• UCDP have recorded 204 events and 455 fatalities 
 • ACLED have recorded 3311 events and 2676 fatalities     
 • INFORM Humanitarian Crisis Index: Conflict in Yemen: Very High [4.7 out of 5], Mixed migration flows in Yemen: Medium [2.5 out of 5] 
 • OECD 2022 categorisation: Extremely fragile 
 • Ranked 162 out of 163 countries in the Global Peace Index [ ↓ 162 from last year], and ranked 192 out of 181 countries in the Corruption Perception Index [ ↓ 190 from last year]","• Most recent agreement [ Ceasefire ] : <a href=""https://www.peaceagreements.org/view/2441"", target=""_blank"">United Nations Initiative for a Two-Month Truce (2022-04-02)</a> as part of the Yemen peace process 
 • Total of 56 Peace Agreements signed since Agreement Establishing a Union between the State of the Yemen Arab Republic and the State of the People's Democratic Republic of Yemen (22/04/1990) 
 
 Explore PA-X Tracker: <a href=""https://pax.peaceagreements.org/tracker/yemen"", target=""_blank"">Yemen</a>",YEM,2023-11-29 09:39:43
Zimbabwe,29.88428,-19.0162,1,"• UCDP have recorded 0 events and 0 fatalities 
 • ACLED have recorded 3 events and 1 fatalities          ","• UCDP have recorded 1 events and 1 fatalities 
 • ACLED have recorded 103 events and 15 fatalities 
 • ACLED have recorded 81 sexual violence events   
 • INFORM Humanitarian Crisis Index: Complex crisis in Zimbabwe: High [3.5 out of 5], Tropical Cyclone Idai in Zimbabwe: High [3.2 out of 5], Malaria Outbreak in Zimbabwe: Medium [2.6 out of 5] 
 • OECD 2022 categorisation: Other fragile 
 • Ranked 127 out of 163 countries in the Global Peace Index [ ↓ 125 from last year], and ranked 180 out of 181 countries in the Corruption Perception Index [ ↓ 180 from last year]","• Most recent agreement [ Framework-substantive, comprehensive ] : <a href=""https://www.peaceagreements.org/view/1340"", target=""_blank"">Constitution of Zimbabwe Amendment (No 20) 2013 (2013-03-19)</a> as part of the Zimbabwe post-election process 
 • Total of 3 Peace Agreements signed since Memorandum of Understanding between the Zimbabwe African National Union (Patriotic Front) and the two Movement for the Democratic Change Formations (21/07/2008) 
 
 Explore PA-X Tracker: <a href=""https://pax.peaceagreements.org/tracker/all/"", target=""_blank"">All</a>",ZWE,2023-11-29 09:39:43
